{
  "type": "minecraft:crafting_shapeless",
  "category": "building",
  "ingredients": [
    {
      "item": "minecraft:cyan_dye"
    },
    [
      {
        "item": "minecraft:sand"
      },
      {
        "item": "minecraft:gravel"
      }
    ],
    [
      {
        "item": "minecraft:sand"
      },
      {
        "item": "minecraft:gravel"
      }
    ],
    [
      {
        "item": "minecraft:sand"
      },
      {
        "item": "minecraft:gravel"
      }
    ],
    [
      {
        "item": "minecraft:sand"
      },
      {
        "item": "minecraft:gravel"
      }
    ],
    [
      {
        "item": "minecraft:sand"
      },
      {
        "item": "minecraft:gravel"
      }
    ],
    [
      {
        "item": "minecraft:sand"
      },
      {
        "item": "minecraft:gravel"
      }
    ],
    [
      {
        "item": "minecraft:sand"
      },
      {
        "item": "minecraft:gravel"
      }
    ],
    [
      {
        "item": "minecraft:sand"
      },
      {
        "item": "minecraft:gravel"
      }
    ]
  ],
  "result": {
    "id": "minecraft:cyan_concrete_powder",
    "count": 8
  }
}
