{
  "type": "minecraft:crafting_shapeless",
  "category": "building",
  "ingredients": [
    {
      "item": "minecraft:water_bucket"
    },
    {
      "item": "minecraft:brown_concrete_powder"
    },
    {
      "item": "minecraft:brown_concrete_powder"
    },
    {
      "item": "minecraft:brown_concrete_powder"
    },
    {
      "item": "minecraft:brown_concrete_powder"
    },
    {
      "item": "minecraft:brown_concrete_powder"
    },
    {
      "item": "minecraft:brown_concrete_powder"
    },
    {
      "item": "minecraft:brown_concrete_powder"
    },
    {
      "item": "minecraft:brown_concrete_powder"
    }
  ],
  "result": {
    "id": "minecraft:brown_concrete",
    "count": 8
  }
}
